{
  "formatVersion": 1,
  "passTypeIdentifier": "pass.com.carteira4.9",
  "teamIdentifier": "JM2D9G6ZFB",
  "organizationName": "Minha Empresa",
  "description": "Passe de exemplo",
  "logoText": "Minha Empresa",
  "foregroundColor": "rgb(255, 255, 255)",
  "backgroundColor": "rgb(0, 122, 255)",
  "serialNumber": "123456",
  "barcode": {
    "message": "1234567890",
    "format": "PKBarcodeFormatQR",
    "messageEncoding": "iso-8859-1"
  },
  "generic": {
    "primaryFields": [
      { "key": "evento", "label": "Evento", "value": "Concerto" }
    ],
    "secondaryFields": [
      { "key": "data", "label": "Data", "value": "27/10/2025" }
    ]
  }
}
